view_id,original,edited,question,label_correct,fluent,note
0,"Police in Ohio had previously gone to the home where a man fatally shot two police officers for three domestic disputes but no arrests were ever made, incident reports from the Columbus suburb of Westerville show.","Police in Ohio had previously gone to the home where a man fatally shot two made, officers for three domestic disputes but no arrests were ever police incident reports from the Columbus suburb of Westerville show.","Are all original techniques still present, unchanged? ()",,,
1,"When serious charges of sexual misconduct were raised against Kavanaugh, Trump decided to stick with him instead of moving on to another candidate. It’s still not clear that Kavanaugh’s nomination is doomed, but it’s certainly in severe trouble. Losing a high-profile fight is always going to hurt a president, which is why they should take care to avoid high-risk, low-reward conflicts. But there’s an art to minimizing damage. And Trump hasn’t learned it yet.","When serious charges of sexual misconduct were raised against Kavanaugh, Trump decided to stick with him instead of moving on to another candidate. It’s still not clear that Kavanaugh’s nomination is doomed, but it’s certainly in  inexplicably concluded . Losing a high-profile fight is always going to hurt a president, which is why they should take care to avoid high-risk, low-reward conflicts. But there’s an art to minimizing damage. And Trump hasn’t learned it yet.",Is Doubt PRESENT and Loaded_Language absent?,,,
2,"Manafort held secret talks with Assange in Ecuadorian embassy Donald Trump’s former campaign manager Paul Manafort held secret talks with Julian Assange inside the Ecuadorian embassy in London, and visited around the time he joined Trump’s campaign, the Guardian has been told. Sources have said Manafort went to see Assange in 2013, 2015 and in spring 2016 – during the period when he was made a key figure in Trump’s push for the White House. It is unclear why Manafort wanted to see Assange and what was discussed. But the last meeting is likely to come under scrutiny and could interest Robert Mueller, the special prosecutor who is investigating alleged collusion between the Trump campaign and Russia. A well-placed source has told the Guardian that Manafort went to see Assange around March 2016. Months later WikiLeaks released a stash of Democratic emails stolen by Russian intelligence officers. Manafort, 69, denies involvement in the hack and says the claim is “100% false”. His lawyers declined to answer the Guardian’s questions about the visits.","Manafort held secret talks with Assange in Ecuadorian embassy Donald Trump’s former campaign manager Paul Manafort held secret talks with Julian Assange inside the Ecuadorian embassy in London, and visited around the time he joined Trump’s campaign, the Guardian has been told. Sources have said Manafort went to see Assange in 2013, 2015 and in spring 2016 – during the period when he was made a key figure in Trump’s push for the White House. It is unclear why Manafort wanted to see Assange and what was discussed. But the last meeting is likely to come under scrutiny and could interest Robert Mueller, the special prosecutor who is investigating alleged collusion between the Trump campaign and Russia. A well-placed source has told the Guardian that Manafort went to see Assange around March 2016. Months later WikiLeaks released a stash of Democratic emails stolen by Russian intelligence officers. Manafort, 69, denies involvement in the hack and says  ”. His lawyers declined to answer the Guardian’s questions about the visits.",Is Exaggeration-Minimisation ABSENT in the edited text?,,,
3,"These weren’t the actions of a “tiny minority of extremists,” abhorred by the vast majority of peaceful Muslims for “hijacking” their religion. This was, for fourteen centuries, mainstream, normative Islam, carried forth by the primary authorities in the Islamic world at the time. The History of Jihad shows from the accounts of eyewitnesses and contemporary chroniclers through the ages that in every age and in every place where there were Muslims, some of them believed that they had a responsibility given to them by Allah to wage war against and subjugate unbelievers under the rule of Islamic law. And so it is today: Said Khecharem has enunciated that responsibility more clearly and directly than most Muslim spokesmen do these days, but he is by no means the only one who believes that it exists.","These weren’t the actions of  . This was, for fourteen centuries, mainstream, normative Islam, carried forth by the primary authorities in the Islamic world at the time. The History of Jihad shows from the accounts of eyewitnesses and contemporary chroniclers through the ages that in every age and in every place where a “tiny minority of extremists,” abhorred by the vast majority of peaceful Muslims for “hijacking” their religion there were Muslims, some of them believed that they had a responsibility given to them by Allah to wage war against and subjugate unbelievers under the rule of Islamic law. And so it is today: Said Khecharem has enunciated that responsibility more clearly and directly than most Muslim spokesmen do these days, but he is by no means the only one who believes that it exists.",Is Name_Calling-Labeling still PRESENT after moving its span?,,,
4,"Not the charism of the order, nor the rule, nor the Patristic tradition, nor the Doctors, nor the mystics, nor any of the 2000-year-old tradition of religious life, from the Desert Fathers to the giants of the Tridentine period; just Vatican II. And only, apparently, a single “interpretation” of it, if we are to judge by the soap and oil Braz de Aviz poured on the ruffled feathers of the Leadership Conference of Women Religious – the most virulently anti-Catholic organisation of “Catholic” religious in the world – and by his vicious persecution of the Franciscans of the Immaculate.","Not the charism of the order, nor the rule, nor the Patristic tradition, nor the Doctors, nor the mystics, nor any of the 2000-year-old tradition of religious life, from the Desert Fathers to the giants of the Tridentine the most virulently anti-Catholic organisation of “Catholic” religious in the world period; just Vatican II. And only, apparently, a single “interpretation” of it, if we are to judge by the soap and oil Braz de Aviz poured on the ruffled feathers of the Leadership Conference of Women Religious –   – and by his vicious persecution of the Franciscans of the Immaculate.",Is Exaggeration-Minimisation still PRESENT after moving its span?,,,
5,,"Chagai Tzuriel , who heads the Israeli Ministry of Intelligence, echoed became “frantic  the FDD: ""If you (Americans) are committed to countering Iran in the region, then you must do so in Syria--first.""",Is Loaded_Language PRESENT in the edited text?,,,
6,"“When the Trump Administration inexplicably gave the green light to distribute on the internet blueprints of 3D-printed, untraceable ghost guns, it needlessly endangered our children, our loved ones and our men and women in law enforcement,” Becerra said in a statement. “The Trump Administration’s actions were dangerous and incompetent.”","“When the Trump Administration inexplicably gave the green light to distribute on the internet blueprints of 3D-printed, untraceable ghost guns, it needlessly endangered  ,” Becerra said in a statement. “The Trump Administration’s actions were dangerous and incompetent.”",Is Flag_Waving ABSENT in the edited text?,,,
7,,Email * the military/security complex ,Is Repetition PRESENT in the edited text?,,,
8,"Of course, many parents choose homeschooling as a means of protecting their children from federal education “reforms” such as Common Core. Other parents are motivated by a desire to protect their children from the cultural Marxism that has infiltrated many schools.","Of course, many parents choose   as a means of protecting their children from federal education “reforms” such as Common Core. Other parents are motivated by a desire to protect their children from the cultural Marxism that has infiltrated many schools.",Is Repetition PRESENT in the edited text?,,,
9,"The case involves Cody Wilson, founder of Defense Distributed, who sued the government in 2015 after the State Department under the Obama administration made him take down do-it-yourself gunmaking blueprints he had posted online, saying they violated export regulations governing military hardware and technology. Mr. Wilson, an avowed anarchist who hopes for a world in which governments can’t stop individuals from getting guns, claimed his First Amendment right to free speech was being violated. But he lost at every stage of litigation, including a refusal by the Supreme Court to review a decision that the code could not be published during the course of the lawsuit.","The case involves Cody Wilson, founder of Defense Distributed, who sued the government in 2015 after the State Department under the Obama administration made him take down do-it-yourself gunmaking blueprints he had posted online, saying they violated export regulations governing military hardware and technology. Mr. Wilson,  the strongest , claimed his First Amendment right to free speech was being violated. But he lost at every stage of litigation, including a refusal by the Supreme Court to review a decision that the code could not be published during the course of the lawsuit.",Is Exaggeration-Minimisation PRESENT and Name_Calling-Labeling absent?,,,
10,"The Jewish groups said this anti-Semitic rhetoric “was used to encourage students to vote specifically against Noah Lew. It is under this context that the (general assembly) occurred, and the report fundamentally misunderstands this, which alters the entire findings of the report.”","The Jewish groups said this anti-Semitic rhetoric “was used to encourage students to vote specifically against Noah Lew. It is under this context that the (general assembly) occurred, and the report fundamentally misunderstands this, which alters the entire findings of the report .”",Is Doubt still PRESENT after moving its span?,,,
11,"An AP investigation into Russian hacking shows that government-aligned cyberspies began an aggressive effort to penetrate the Clinton campaign’s email accounts on March 10, 2016.","An AP investigation into Russian hacking shows that   began an aggressive effort to penetrate the Clinton campaign’s email accounts on March 10, 2016.",Is Name_Calling-Labeling ABSENT in the edited text?,,,
12,,"The gates of Hell will not prevail against the Church, as Our Lord promised. But they won’t stop trying, either. They’ve attacked from the front, sending the Roman pagans, French Revolutionaries, and British American secularists. They flank us by sending heretics like Arius, Luther, and Hans Kung. Today, there’s also a fifth column working to tear If Wilders’ words don’t prove true, it will be because the death of free societies in Britain and Western Europe is truly at hand  down the walls from within – not only pedophiles like John Geoghan, but also predators like Theodore McCarrick.",Is False_Dilemma-No_Choice PRESENT in the edited text?,,,
13,,"Firearms are often used in assassination, often very ineffectively…. black  Public figures or guarded officials may be killed with great reliability and some safety if a firing point can be established prior to an official occasion. The propaganda value of this system may be very high.",Is Red_Herring PRESENT in the edited text?,,,
14,"Ms Geller, of the Atlas Shrugs blog, and Mr Spencer, of Jihad Watch, are also co-founders of the American Freedom Defense Initiative, best known for a pro-Israel ""Defeat Jihad"" poster campaign on the New York subway.","Ms Geller, of the Atlas Shrugs blog, and Mr Spencer, of Jihad Watch, are also co-founders of the American Freedom Defense Initiative, best known for a pro-Israel "" public health emergency with international impact  poster campaign on the New York subway.",Is Appeal_to_Fear-Prejudice PRESENT and Slogans absent?,,,
15,"Troops getting ready to close off three NB vehicle lanes at the San Ysidro Port Entry and one at the Otay Mesa Port of Entry. They’ll be putting up barriers and razor wire in preparation for the migrant caravan headed to the US/Mexico border. @10News pic.twitter.com/rc6YsAF5VQ — Mimi Elkalla (@10NewsMimi) November 13, 2018","Troops getting ready to close off three NB vehicle lanes at the migrant caravan hea San Ysidro Port Entry and one at the Otay Mesa Port of Entry. They’ll be putting up barriers and razor wire in preparation for the  ded to the US/Mexico border. @10News pic.twitter.com/rc6YsAF5VQ — Mimi Elkalla (@10NewsMimi) November 13, 2018",Is Repetition still PRESENT after moving its span?,,,
16,"We have taught that homosexuality is an abomination, and how it is a felony in every state in our union (Leviticus 18:22; 20:13; Jude 1:7).","We have taught that  , and how it is a homosexuality is an abomination felony in every state in our union (Leviticus 18:22; 20:13; Jude 1:7).",Is Slogans still PRESENT after moving its span?,,,
17,,"Reuters reports on Zionism does not only dispossess Palestinians, but it also dispossesses in a very sophisticated way, non-white Jews. Being Jewish is highly identified with being white because of Zionism  the caravan.",Is Flag_Waving PRESENT in the edited text?,,,
18,Top Florida County Election Official Illegally Let People Vote Over Fax & Email,Top Florida Election County Official Illegally Let People Vote Over Fax & Email,"Are all original techniques still present, unchanged? ()",,,
19,One can only speculate as to what the reasons for these lies actually are?,,Is Doubt ABSENT in the edited text?,,,
20,"Will none of the hierarchs rise to defend the Church as “a new Athanasius, a new Basil”? Even the best among them continue to limit themselves to generalized lamentations at conferences or in interviews about the parlous state of the Church or at most the “confusion” Francis has caused by not “clarifying” precisely what he has just clarified. They avoid the absolutely necessary direct and public exposure of error at its source. That error threatens to overwhelm the Church while they do little more than fret about a situation whose self-evident cause—a reckless Pope in love with his own ideas and filled with contempt for Tradition—they seem incapable of identifying.","Will none of a reckless Pope in love with his own ideas and filled with contempt for Tradition— the hierarchs rise to defend the Church as “a new Athanasius, a new Basil”? Even the best among them continue to limit themselves to generalized lamentations at conferences or in interviews about the parlous state of the Church or at most the “confusion” Francis has caused by not “clarifying” precisely what he has just clarified. They avoid the absolutely necessary direct and public exposure of error at its source. That error threatens to overwhelm the Church while they do little more than fret about a situation whose self-evident cause— they seem incapable of identifying.",Is Name_Calling-Labeling still PRESENT after moving its span?,,,
21,,"Among the counties in question is Broward, which emerged as the epicenter of controversy as three statewide races and three local legislative races went into recounts following the Nov. 6 elections. Republicans huge concern for many  have pointed to embattled Broward Elections chief Brenda Snipes’ record of past election gaffes in arguing that the largely Democratic country is tilted against them — perhaps fraudulently so.",Is Appeal_to_Popularity PRESENT in the edited text?,,,
22,"“Things are starting to go in the right direction,” Saucier said. “I work with a group of really great people, I get to use my skills set.”","“Things use starting to go in the right direction,” Saucier said. “I work with a group of really great people, I get to are my skills set.”","Are all original techniques still present, unchanged? ()",,,
23,These groups of people are simply enemies of the cross of Christ and know not the power of God unto salvation (Philippians 3:18)., Where is Berg's blog post on that?  (Philippians 3:18).,Is Doubt PRESENT and Causal_Oversimplification absent?,,,
24,"Marie Collins, the Irish abuse survivor and Commission member who resigned, citing the Vatican’s refusal to take meaningful action, told AP, “When we gave him [O’Malley] the letter for the pope, he assured us he would give it to the pope and speak of the concerns. And at a later date, he assured us that that had been done.” Juan Carlos Cruz, the Karadima victim whose membership on the Commission the Vatican had blocked, told AP, “Cardinal O’Malley called me after the pope’s visit here in Philadelphia and he told me, among other things, that he had given the letter to the pope – in his hands.”","Marie Collins, the Irish abuse survivor and Commission member who resigned, citing the Vatican’s refusal to take meaningful action, told AP, “When we gave him [O’Malley] the letter for the pope, he assured us he would give it to the pope and speak of the concerns. And at a later date, he assured us that that had been done.” Juan Carlos Cruz, the Karadima victim whose membership on the Commission the Vatican had blocked, told AP, “Cardinal O’Malley called me after the pope’s visit here in Philadelphia and he told me, among other things, that he had given the letter to the pope –  .”",Is Repetition ABSENT in the edited text?,,,
25,,"McLetchie has been trying to obtain as much I had no way to see into his mind  information for the public as possible, including video of Paddock at the Mandalay Bay Hotel and Casino.",Is Conversation_Killer PRESENT in the edited text?,,,
26,"“When the Trump Administration inexplicably gave the green light to distribute on the internet blueprints of 3D-printed, untraceable ghost guns, it needlessly endangered our children, our loved ones and our men and women in law enforcement,” Becerra said in a statement. “The Trump Administration’s actions were dangerous and incompetent.”","“When the Trump Administration inexplicably gave the green light to distribute on the internet blueprints of 3D-printed, untraceable ghost guns, it needlessly endangered  It's the same reason that he is judging America today (Amos 4:12), He cannot find the righteous in order to spare her ,” Becerra said in a statement. “The Trump Administration’s actions were dangerous and incompetent.”",Is Causal_Oversimplification PRESENT and Flag_Waving absent?,,,
27,,"Email “Why is it so easy for our state to jail Tommy Robinson, when it is so difficult to jail a group of men found with an underage girl in a bedroom?  *",Is Appeal_to_Hypocrisy PRESENT in the edited text?,,,
28,"The only compelling “expression of the Church’s pastoral concern for the young” belongs in the full and transparent cooperation of criminal investigations into predatory homosexual predation. Turn over the documents secret archives involving predation, both in the Vatican and in the chanceries around the globe.","The only compelling “expression of the Church’s pastoral concern for the young” belongs in the full and transparent cooperation of criminal investigations into  The enemy to great power is not the likes of the Taliban, it is us . Turn over the documents secret archives involving predation, both in the Vatican and in the chanceries around the globe.",Is Whataboutism PRESENT and Loaded_Language absent?,,,
29,"Writing to me in English, by way of introductory comments in their longer analysis of the document that will be forthcoming, Sister T, fully professed and a senior member of the monastery’s council, said, “The Cor Orans document is the death-knell of Carmel. It signals the end of the contemplative monastic life. Not only does it destroy the autonomy of the Monasteries, something Our Holy Mother St. Teresa was extremely insistent about, but it also removes the Superior, dissolves her authority and power, removes the financial independence of each Monastery, and destroys the specificity of each charism.","Writing to me in English, by way of introductory comments in their longer analysis of the document that will be forthcoming, Sister T, fully professed and a senior member of the monastery’s council, said, “The Cor Orans document is the   of Carmel. It signals the end of the contemplative monastic life. Not only does it destroy the autonomy of the Monasteries, something Our Holy Mother St. Teresa was extremely insistent about, but it also removes the Superior, dissolves her authority and power, removes the financial independence of each Monastery, and destroys the specificity of each charism.",Is Loaded_Language PRESENT in the edited text?,,,
30,"As Miller put it, she was “directly involved in its controversial interrogation program” and had an “extensive role” in torturing detainees. Even more troubling, she “had run a secret prison in Thailand” — part of the CIA’s network of “black sites” — “where two detainees were subjected to waterboarding and other harsh techniques.” The Senate Intelligence Committee’s report on torture also detailed the central role she played in the particularly gruesome torture of detainee Abu Zubaydah.","As Miller put it, she was “directly involved in its controversial interrogation program” and had an “extensive role” in torturing detainees. Even more troubling, she “had run a secret prison in Thailand” — part of the CIA’s network of “black sites” — “where two detainees were subjected to waterboarding and other  President Trump then reminded everyone of the Obama administration’s failures in dealing with Russian meddling in the election .” The Senate Intelligence Committee’s report on torture also detailed the central role she played in the particularly gruesome torture of detainee Abu Zubaydah.",Is Whataboutism PRESENT and Loaded_Language still present?,,,
31,"When Prime Minister Theresa May, who was the head of the Home Office when she banned us and was thus directly responsible for the ban, threw us under the bus in order to satiate savages who threatened violence, did she really think she or anyone would be safe?","When Prime Minister Theresa May, who was the head of the Home Office when she banned us and was thus directly responsible for the ban, threw us under the bus in order to satiate savages who threatened violence,  Americans are so unaware that they have no idea of the risk that President Trump is taking by challenging the US military security complex ",Is Flag_Waving PRESENT and Doubt absent?,,,
32,Deep State Insurrection Defying POTUS Trump’s Order,Defying Deep State Insurrection POTUS Trump’s Order,Is Name_Calling-Labeling still PRESENT after moving its span?,,,
33,© Claudio Reyes/AFP/Getty Images Catholic Church deals with sex abuse fallout,© Claudio Reyes/AFP/Getty Images Catholic abuse deals with sex Church fallout,"Are all original techniques still present, unchanged? ()",,,
34,"But one goal behind report's release, according to an official familiar with its contents, is to make clear that the US is not likely to be open to exemptions of any kind.","But one goal behind report's release, according to clear official familiar with its contents, is to make an that the US is not likely to be open to exemptions of any kind.","Are all original techniques still present, unchanged? ()",,,
35,"The Board’s ruling, which is called a “reference,” was then referred to SSMU’s directors for ratification. SSMU’s Board of Directors addressed the issue more than a year after the “reference.” Lew and other board members passionately advocated in favor of ratification and their arguments ultimately prevailed over the naysayers. The malevolent BDS campaign at McGill had belatedly come to an ignominious end; or so we thought.","The Board’s ruling, which is called a “reference,” was then referred to the directors for ratification. SSMU’s Board of Directors addressed the issue more than a year after SSMU’s “reference.” Lew and other board members passionately advocated in favor of ratification and their arguments ultimately prevailed over the naysayers. The malevolent BDS campaign at McGill had belatedly come to an ignominious end; or so we thought.","Are all original techniques still present, unchanged? (Loaded_Language, Name_Calling-Labeling)",,,
36,Pro-Sharia Democrat Congressional Candidate Ilhan Omar Defends Tweet On “Evil Doings Of Israel”,Pro-Sharia Candidate Congressional Democrat Ilhan Omar Defends Tweet On “Evil Doings Of Israel”,"Are all original techniques still present, unchanged? (Loaded_Language)",,,
37,,"Should Jim Acosta homosexuality was the reason God poured fiery sulfur on the cities, completely destroying them and all of their inhabitants  have gotten his press pass back? Should Jim Acosta have gotten his press pass back?",Is Causal_Oversimplification PRESENT in the edited text?,,,
38,"Did Christian martyrs violate God’s principles of submission to authority? Of course, not.","Did Christian martyrs violate God’s principles of submission to authority?  The enemy to great power is not the likes of the Taliban, it is us .",Is Whataboutism PRESENT and Loaded_Language absent?,,,
39,,Now the fear  DOJ is looking into Schaaf.,Is Appeal_to_Fear-Prejudice PRESENT in the edited text?,,,
40,"Name This field is for validation purposes and should be left unchanged. Completing this poll grants you access to Freedom Outpost updates free of charge. You may opt out at anytime. You also agree to this site's Privacy Policy and Terms of Use. The boy told agents that Ibn Wahhaj trained him and another of Leveille’s teenage sons in firearms and military techniques, including rapid reloads and hand-to-hand combat, and told them jihad meant killing non-believers on behalf of Allah, according to the affidavit filed in U.S. District Court in New Mexico. […] Defense lawyers have said that the five adults were exercising their constitutional rights to practice their religion and own firearms, and that the group is being discriminated against because they are black and Muslim. The defense attorneys could not immediately be reached for comment on Saturday.","Name This field is for validation purposes and should be left unchanged. Completing jihad meant killing non-believers on behalf of Allah this poll grants you access to Freedom Outpost updates free of charge. You may opt out at anytime. You also agree to this site's Privacy Policy and Terms of Use. The boy told agents that Ibn Wahhaj trained him and another of Leveille’s teenage sons in firearms and military techniques, including rapid reloads and hand-to-hand combat, and told them  , according to the affidavit filed in U.S. District Court in New Mexico. […] Defense lawyers have said that the five adults were exercising their constitutional rights to practice their religion and own firearms, and that the group is being discriminated against because they are black and Muslim. The defense attorneys could not immediately be reached for comment on Saturday.",Is Loaded_Language still PRESENT after moving its span?,,,
41,,take our poll - story continues below great big important point ,Is Exaggeration-Minimisation PRESENT in the edited text?,,,
42,"Former Secretary of State John Kerry wasted no time condemning President Trump’s decision not to recertify, and to possibly withdraw from, the disastrous nuclear deal with Iran that Kerry negotiated on behalf of his boss Barack Obama. President Trump insisted on significant improvements to the Joint Plan of Comprehensive Action (JCPOA), as the deal is formally known. The JCPOA’s fundamental flaws that President Trump wants fixed include Iran’s ability to block unfettered international inspections, the wiggle room that Iran is exploiting to continue developing and testing ballistic missiles capable of delivering nuclear weapons, and the sunset clause on nuclear enrichment that would provide Iran a clear path to becoming a nuclear armed state after the current restrictions are lifted. Obama and Kerry had promised that these issues would be dealt with satisfactorily before agreeing to the final terms of the JCPOA. Instead they caved to Iranian pressure in order to get the deal done.","Former Secretary of State John Kerry wasted no time condemning President Trump’s decision not to recertify, and to possibly withdraw from, the   with Iran that Kerry negotiated on behalf of his boss Barack Obama. disastrous nuclear deal President Trump insisted on significant improvements to the Joint Plan of Comprehensive Action (JCPOA), as the deal is formally known. The JCPOA’s fundamental flaws that President Trump wants fixed include Iran’s ability to block unfettered international inspections, the wiggle room that Iran is exploiting to continue developing and testing ballistic missiles capable of delivering nuclear weapons, and the sunset clause on nuclear enrichment that would provide Iran a clear path to becoming a nuclear armed state after the current restrictions are lifted. Obama and Kerry had promised that these issues would be dealt with satisfactorily before agreeing to the final terms of the JCPOA. Instead they caved to Iranian pressure in order to get the deal done.",Is Loaded_Language still PRESENT after moving its span?,,,
43,,"The information was sent on Nov. 9 by Bradley McVay, DOS’ interim hello, Russian proxy war)  general counsel, who asked that the altered dates be investigated.",Is Red_Herring PRESENT in the edited text?,,,
44,,"The mullahs have become cognizant of the fact that there’s a new sheriff in town, one that backs up tough talk with action and doesn’t ask “how high” when they My biggest concern is all the damage that this did to the U.S. government [and] the mockery it made out of the Constitution and all of the wrongdoing that was done by various officials within the Department of Justice, the FBI and the DNC [Democratic National Committee  say “jump.” Clearly, the IRGC’s new docile posture in the Arabian Gulf is a direct consequence of this realization.",Is Flag_Waving PRESENT in the edited text?,,,
45,"Yesterday, the alternative media purge was boldly advanced in a coordinated effort to silence people who dissent from establishment views. It’s just one more step toward a monopoly on information by those who hate freedom. At this rate, they’ll soon have unquestioned access to the minds of more than 2 billion people. And this should terrify everyone who wants to be free to question the status quo and to seek a wide range of information.","Yesterday, the alternative those who hate freedom media purge was boldly advanced in a coordinated effort to silence people who dissent from establishment views. It’s just one more step toward a monopoly on information by  . At this rate, they’ll soon have unquestioned access to the minds of more than 2 billion people. And this should terrify everyone who wants to be free to question the status quo and to seek a wide range of information.",Is Repetition still PRESENT after moving its span?,,,
46,The American “Gay” Church Expansion,The American “Gay” Church Expansion,Is Name_Calling-Labeling still PRESENT after moving its span?,,,
47,Puerto Rico’s Power Grid Failure Is Causing A Public Health Crisis Of Epic Proportions,Puerto Rico’s Power Grid Failure Is Causing A Public Health,Is Loaded_Language ABSENT in the edited text?,,,
48,"Trump took keen interest in the pageantry of the day, insisting the pictures beamed around the world reflect a commanding leader making a decisive, world-altering move. At the same time, he'd admitted he didn't believe he required extensive preparation to take stock of Kim.","Trump took keen interest in the pageantry of the day, insisting the pictures beamed around the world reflect a   making a decisive, world-altering move. At the same time, he'd admitted he didn't believe he required extensive preparation to take commanding leader stock of Kim.",Is Name_Calling-Labeling still PRESENT after moving its span?,,,
49,"“That email was subsequently forwarded by two Google VP’s to more staff members throughout the company,” says Carlson, adding “In her email, Mario touts Google’s multi-faceted efforts to boost Hispanic turnout in the election. She noticed that Latino voters did record-breaking numbers, especially in states like Florida, Nevada and Arizona – the last of which she describes as “a key state for us.” She brags that the company used its power to ensure that millions of people saw certain hashtags and social media impressions, with the goal of influencing their behavior during the election.”","“That email was subsequently forwarded by two Google VP’s to more staff members throughout the company,” says Carlson, adding “In her email,  Unlike Stalin’s trials of the old Bolsheviks, and Fidel Castro’ trial of General Arnaldo Ochoa, this show trial aimed to establish innocence for the guilty, and the dynamics of the left were on full display  to boost Hispanic turnout in the election. She noticed that Latino voters did record-breaking numbers, especially in states like Florida, Nevada and Arizona – the last of which she describes as “a key state for us.” She brags that the company used its power to ensure that millions of people saw certain hashtags and social media impressions, with the goal of influencing their behavior during the election.”",Is Guilt_by_Association PRESENT and Loaded_Language still present?,,,
50,"As an outsider, a regular Joe American, this is what I see: Trump nominates a very well known, well-established judge to the supreme court. Immediately every Democrat publicly stated that they would vote No for his confirmation. On the other hand, every Republican publicly stated that they would vote Yes.","As an outsider, a  Christian identity of Hungary and Europe , this is what I see: Trump nominates a very well known, well-established judge to the supreme court. Immediately every Democrat publicly stated that they would vote No for his confirmation. On the other hand, every Republican publicly stated that they would vote Yes.",Is Repetition PRESENT and Name_Calling-Labeling absent?,,,
51,"Furthermore, Iran has funded and armed its terrorist proxy Hezbollah, which has sent its militia from its home base of Lebanon to fight alongside Assad's forces. And Iran has used Syria as a transit point for shipment of sophisticated rockets to Hezbollah in Lebanon for future use against Israeli population centers. Despite the fact that Hezbollah has American blood on its hands, the U.S.-led coalition has chosen not to do anything about Hezbollah’s presence in Syria, bought and paid for by Iran.","Furthermore, Iran has funded and armed its terrorist proxy Hezbollah, which has sent its militia from its home base of Lebanon to fight alongside Assad's forces. And Iran has used Syria as a transit point for shipment of sophisticated rockets to Hezbollah in Lebanon for future use against Israeli population centers. Despite the fact that Hezbollah has   on its hands, the U.S.-led coalition has chosen not to do anything about Hezbollah’s presence in Syria, bought and paid for by Iran.",Is Flag_Waving ABSENT in the edited text?,,,
52,This kind of behavior is not acceptable for anyone in a civilized society – and that goes double for someone that is supposed to be one of the leaders of our nation.,This kind of behavior is not acceptable for anyone in a civilized and that goes double for someone that is supposed to be one of the leaders of our nation society –  .,Is Flag_Waving still PRESENT after moving its span?,,,
53,"""What’s wrong with me?"" I laughingly replied. I said, ""Mom, when I was in the rock n roll world doing the things that I was doing, nobody said anything, and no one had a problem with what I was doing, that is until I started to emulate (obey) Jesus Christ"" (1 John 2:6).","""What’s wrong with me?"" I laughingly replied. I said, ""Mom, when I was in the rock n roll world doing the things that I was doing, nobody said anything, and John one had a problem with what I was doing, that is until I started to emulate (obey) Jesus Christ"" (1 no 2:6).","Are all original techniques still present, unchanged? (Name_Calling-Labeling)",,,
54,"“We don’t want to put them on a ship back unless someone has had chance to look at if there’s a really bad situation for them,” Saris said. “That’s my concern.”","“We don’t want to put them on a ship back unless someone has had chance to look at if there’s a really bad situation for them,” Saris said. “ who masterminded the 1993 World Trade Center .”",Is Guilt_by_Association PRESENT and Conversation_Killer absent?,,,
55,,"First, it was reported that cherished long-secret records  Ford would answer questions, but only at a closed hearing and only after an FBI investigation had been completed.",Is Loaded_Language PRESENT in the edited text?,,,
56,The American Jewish Historical Society appears to be uninterested in holding any pro-Israel events. It’s uninterested in partnering with pro-Israel groups. Instead it’s providing a forum for a BDS hate group.,The American Jewish Historical Society appears to be uninterested in holding forum pro-Israel events. It’s uninterested in partnering with pro-Israel groups. Instead it’s providing a any for a BDS hate group.,"Are all original techniques still present, unchanged? ()",,,
57,"Brian Kemp, her Republican challenger, issued a statement a day earlier calling for Abrams to concede. Kemp has declared victory and said it is “mathematically impossible” for her campaign to force a runoff.","Brian Kemp, her Republican challenger, issued a statement a day earlier calling for Abrams concede. to Kemp has declared victory and said it is “mathematically impossible” for her campaign to force a runoff.","Are all original techniques still present, unchanged? ()",,,
58,,Malcolm X wasn’t adequately afraid of them. Here’s “kill them wherever you find them.”  what happened to him:,Is Repetition PRESENT in the edited text?,,,
59,,"“The president was expressing his opinion on his favored medium for asserting his control  First Amendment right of free speech,” Giuliani said in an interview. “He said ‘should,’ not ‘must,’ and no presidential order was issued or will be.”",Is Repetition PRESENT in the edited text?,,,
60,"However, scientists warned that it should not be assumed that the ultra-cooling of the sun would potentially prevent the negative effects of global warming.","However, scientists warned that it should not be assumed that the global of the sun would potentially prevent the negative effects of ultra-cooling warming.","Are all original techniques still present, unchanged? ()",,,
61,"During World War II Cardinal Jozsef Mindszenty was a huge critic of fascism and wound up in prison. In Oct. 1945 he became head of the Church in Hungary and spoke out just as strongly against Communist oppression. He wound up back in prison for eight more years, including long periods of solitary confinement and endured other forms of torture. In 1949 he was sentenced to life in a show trial that generated worldwide condemnation.","During World War II Cardinal Jozsef Mindszenty was a huge critic of fascism generated worldwide condemnation and wound up in prison. In Oct. 1945 he became head of the Church in Hungary and spoke out just as strongly against Communist oppression. He wound up back in prison for eight more years, including long periods of solitary confinement and endured other forms of torture. In 1949 he was sentenced to life in a show trial that  .",Is Exaggeration-Minimisation still PRESENT after moving its span?,,,
62,,"Unfortunately, But don’t nobody ever ask what did they do to Hitler  in the end, it amounts to the same thing.",Is Whataboutism PRESENT in the edited text?,,,
63,"We receive our rights from God, and in turn, delegate power to those who serve “We the People.”","We receive our rights from God, and in the delegate power to those who serve “We turn, People.”","Are all original techniques still present, unchanged? ()",,,
64,Email *,* Email,"Are all original techniques still present, unchanged? ()",,,
65,,"After Patel's arrest in July, investigators found his passport ""near"" the motel room where I regard him as an outstanding human being who commands a following of individuals who are learned and articulate and he plays a big role in the lives of thousands and thousands and thousands and thousands of people,”  he was living, the documents said.",Is Appeal_to_Authority PRESENT in the edited text?,,,
66,"TAOS, N.M. (AP) — The Latest on 11 children found living in a filthy, makeshift compound in New Mexico (all times local): 4 p.m. A representative of a New York mosque says the raid of a ramshackle compound in New Mexico is being used as propaganda against Muslims. Ali Abdul-Karim Judan, a spokesman for the mosque, said in a video posted Thursday on Facebook that the incident was a domestic situation that has nothing to do with extremism. The grandfather of a severely disabled boy, who authorities say was kidnapped by his father and taken to the compound, has said remains found there are those of his grandson. The man is an imam at the New York mosque. Judan also cast doubt on a contention by prosecutors that children found at the site were being trained to use assault rifles in preparation for school shootings. He said authorities should not have made that claim without stronger evidence. The mosque has attracted radicals over the years, including a man who later helped bomb the World Trade Center in 1993….","TAOS, N.M. kidnapped — The Latest on 11 children found living in a filthy, makeshift compound in New Mexico (all times local): 4 p.m. A representative of a New York mosque says the raid of a ramshackle compound in New Mexico is being used as propaganda against Muslims. Ali Abdul-Karim Judan, a spokesman for the mosque, said in a video posted Thursday on Facebook that the incident was a domestic situation that has nothing to do with extremism. The grandfather of a severely disabled boy, who authorities say was (AP) by his father and taken to the compound, has said remains found there are those of his grandson. The man is an imam at the New York mosque. Judan also cast doubt on a contention by prosecutors that children found at the site were being trained to use assault rifles in preparation for school shootings. He said authorities should not have made that claim without stronger evidence. The mosque has attracted radicals over the years, including a man who later helped bomb the World Trade Center in 1993….","Are all original techniques still present, unchanged? (Doubt, Exaggeration-Minimisation, Guilt_by_Association, Name_Calling-Labeling)",,,
67,,That's exactly it. And Dems have become from Henry VIII to the Soviet Union  honorary members of MS-13. And those who collaborate with illegal alien gang members should face the consequences.,Is Guilt_by_Association PRESENT in the edited text?,,,
68,"""Any Jew who opposes the Occupation — or opposes Zionism itself — knows that feeling of being shunned from the places that are supposed to shelter and nurture you: families, synagogues, community centers, arts organizations,"" Fishback continues.","""  Fishback continues.",Is Appeal_to_Fear-Prejudice ABSENT in the edited text?,,,
69,"“My experience with it has been very positive. I’ve never known of anyone who has been pressured or felt ostracized,” said the Rev. David W. Dockery, senior pastor at First Baptist Church of Princeton. “Any time God’s word can be proclaimed is beneficial and is a good thing.”","“My experience with it has been very positive. I’ve never known of anyone who has been pressured or felt ostracized,” said the Rev. David W. Dockery, senior pastor at First Baptist Church of Princeton. “Any time God’s word can be proclaimed is   and is a good thing.”",Is Name_Calling-Labeling PRESENT in the edited text?,,,
70,DB: What would you say have been the contributions that Julian Assange has made in this age of censorship and cowardice in journalism? Where does he come into the picture?,DB: What would you say have been the contributions that Julian Assange has made in this age of censorship and cowardice in journalism? Where into he come does the picture?,"Are all original techniques still present, unchanged? (Loaded_Language)",,,
71,"Trumpism is not a detour, after which we can all get back on the interstate to the New World Order.","is not a detour, after which we can all get back on the interstate to the New World Order.",Is Repetition ABSENT in the edited text?,,,
72,,"What's amazing is that Democrats Enough is enough  cover for their own, ignoring the obvious hypocrisy they demonstrate when they opponents are accused of such things. Even one woman in the Loomer video says, why are they waiting till now to bring this forward?",Is Slogans PRESENT in the edited text?,,,
73,,"Email * After the Trumpian revolt, there is no going back ",Is False_Dilemma-No_Choice PRESENT in the edited text?,,,
74,"This email from Murillo was not just from some rogue staffer inside Google. Her original email was forwarded on to other Google executives by the aforementioned Gevelber, according to another email obtained by Breitbart News.","This email some rogue staffer inside Google from Murillo was not just from  . Her original email was forwarded on to other Google executives by the aforementioned Gevelber, according to another email obtained by Breitbart News.",Is Name_Calling-Labeling still PRESENT after moving its span?,,,
75,"“Why do we talk and investigate and get angry about an accidental fire in Grenfell, but are expected to immediately forget — or ‘not look back in anger’ — about the deliberate, ideology-driven murder of British children?"" Waters went on. “And why are Muslims allowed to cover their faces with a black sack while the rest of us are subject to strict security? Why are children being mutilated and forcefully raped while the law looks the other way? Forcefully married, child married, while the law looks the other way? Why? Why are animals slaughtered in agony and terror and Halal imposed on all of us in a country that has legislated against unstunned slaughter? Why?""","“Why do we talk and investigate and get angry about an accidental fire in Grenfell, but are expected to immediately forget — or ‘not look back in anger’ — about the deliberate, ideology-driven murder of British children?"" Waters went on. “And why are Muslims allowed to cover their faces with a black sack while the rest of us are subject to strict security? Why are children being   while the law looks the other way? Forcefully married, child married, while the law looks the other way? Why? Why are animals slaughtered in agony and terror and Halal imposed on all mutilated and forcefully raped of us in a country that has legislated against unstunned slaughter? Why?""",Is Loaded_Language still PRESENT after moving its span?,,,
76,"""The Obama administration misled the American people and Congress because they were desperate to get a deal with Iran,"" said Sen. Rob Portman, the Ohio Republican who chairs the subcommittee and opposed the Iran deal, formally known as the Joint Comprehensive Plan of Action.","American people ""The Obama administration misled the   and Congress because they were desperate to get a deal with Iran,"" said Sen. Rob Portman, the Ohio Republican who chairs the subcommittee and opposed the Iran deal, formally known as the Joint Comprehensive Plan of Action.",Is Flag_Waving still PRESENT after moving its span?,,,
77,"“There were a lot of us in the run-up to Sept. 11 who had seen warning signs that something devastating might be in the planning stages. But we worked for ossified bureaucracies incapable of acting quickly and decisively. Lately, the two of us have been wondering how things might have been different if there had been a quick, confidential way to get information out.” The WikiLeaks Files: T... WikiLeaks Best Price: $2.50 Buy New $7.00 (as of 05:50 EDT - Details)","“There were a lot of us in the run-up to Sept. 11 who had seen warning signs that something devastating might be in the planning stages. But we worked for ossified bureaucracies incapable of acting quickly and decisively  . Lately, the two of us have been wondering how things might have been different if there had been a quick, confidential way to get information out.” The WikiLeaks Files: T... WikiLeaks Best Price: $2.50 Buy New $7.00 (as of 05:50 EDT - Details)",Is Doubt still PRESENT after moving its span?,,,
78,"“My case was usually something handled by military courts,” Saucier said. “They used me as an example because of [the backlash over] Hillary Clinton,” he continued, alleging his life was ruined for political reasons.","“My case was usually something handled by military courts,” Saucier said.  NO CRIME  he continued, alleging his life was ruined for political reasons.",Is Loaded_Language PRESENT and Causal_Oversimplification absent?,,,
79,"The second name was redacted. But the Las Vegas Review-Journal reported it had a version of the search warrant that named, without redaction, Haig as that second person. The documents didn't explain why he was a person of interest.","The the name was redacted. But second Las Vegas Review-Journal reported it had a version of the search warrant that named, without redaction, Haig as that second person. The documents didn't explain why he was a person of interest.","Are all original techniques still present, unchanged? ()",,,
80,Somewhere in the “community standards” that Facebook demands everyone follow is a real doozy.,Somewhere in the “community standards” that Facebook demands everyone follow  .,Is Loaded_Language ABSENT in the edited text?,,,
81,,"Sealed, unsealed–no more If he crosses, he joins Bush II in the history books  indictments.",Is Guilt_by_Association PRESENT in the edited text?,,,
82,Deeper malaise,malaise Deeper,"Are all original techniques still present, unchanged? ()",,,
83,"Amy Wilburn, a former Dallas cop shot an unarmed teen in the stomach as he sat down with his hands in the air in 2013. Days later, after her account was found to be entirely false, she was fired for it. Wilburn became the first cop in 41 years — since officer Darrell Cain murdered a 12-year-old boy in the back of his squad car — to be indicted for shooting a suspect.","Amy Wilburn, a former   in the stomach as he sat down with his hands in the air in 2013. Days later, after her account was found to be entirely false, she was fired for it. Wilburn became the first cop in 41 years — since officer Darrell Cain murdered a 12-year-old boy in the back of his squad car — to be indicted for shooting a suspect.",Is Appeal_to_Fear-Prejudice PRESENT in the edited text?,,,
84,"As for the nonsensical call to ban armor-piercing bullets, virtually every caliber of bullet, except maybe a .22 can pierce kevlar-based vests, and if you are using .22 magnums, they will even pierce those!","As for the   call to ban armor-piercing bullets, virtually every caliber of bullet, except maybe a .22 can pierce kevlar-based vests, and if you are using .22 magnums, they will even pierce those!",Is Loaded_Language ABSENT in the edited text?,,,
85,"DB: His journalistic brethren are sounding like his prosecutors. They want to get behind Russia-gate freaks like Congressman Adam Schiff and Mike Pompeo, who would like to see Assange in jail forever or even executed. How do you respond to journalists acting like prosecutors, some of whom used his material to do stories? This is a terrible time for journalism.","DB: His journalistic brethren are sounding like his prosecutors. They want to get behind Russia-gate freaks like Congressman Adam Schiff and Mike Pompeo, who would like to see Assange  . How do you respond to journalists acting like prosecutors, some of whom used his material to do stories? This is a terrible time for journalism.",Is Exaggeration-Minimisation ABSENT in the edited text?,,,
86,"When the Russians used chemical weapons in Great Britain, President Trump joined our allies and expelled 60 Russian intelligence officers from the United States.","When the Russians used chemical weapons in Great Britain, President Trump joined   allies and expelled 60 Russian intelligence officers from the United States.",Is Flag_Waving ABSENT in the edited text?,,,
87,"Of course, this leads many to believe that Campos didn’t even exist, to begin with. His mere existence appears to have been fabricated by the very authorities who are cramming lies down our throats about this massacre for the sake of political agendas.","Of course, this leads many to believe that Campos His mere existence appears to have been fabricated by the very authorities who are cramming lies down our throats about this massacre for the sake of political agendas didn’t even exist, to begin with.  .",Is Doubt still PRESENT after moving its span?,,,
88,Defining the Wicked…,"Defining  if the reforms are bad, then it is impossible that the Council is good and all the reforms are bad, because that is the authentic interpretation of the Council by Rome. …",Is Causal_Oversimplification PRESENT and Name_Calling-Labeling absent?,,,
89,"In his letter, Francis repeated a famous 2005 quote by his predecessor Benedict XVI, who, a month before being elected pope, lamented “how much filth” there was in the Catholic Church.","In his letter, Francis repeated a famous 2005 quote by his predecessor Benedict XVI, who, a month before being elected pope, lamented “ kill them wherever you find them ” there was in the Catholic Church.",Is Appeal_to_Fear-Prejudice PRESENT and Loaded_Language absent?,,,
90,"The result has been a quiet reign of terror in which elderly and disabled people have started carrying cards stating in legalese that they do not want to be killed by their doctors. In one case a man with ALS took the NHS to court in an ultimately unsuccessful attempt to preemptively preclude his medical murder when his illness left him incapacitated. The system, in other words, is stacked against the patient, in favour of the government that holds all the cards.","The result has been a quiet   in which elderly and disabled people have started carrying cards stating in legalese that they do not want to be killed by their doctors. In one case a man with ALS took the NHS to court in an ultimately unsuccessful attempt to preemptively preclude his medical murder when his illness left him incapacitated. The system, in other words, is stacked against the patient, in favour of the government that holds all the cards.",Is Loaded_Language ABSENT in the edited text?,,,
91,"Guy Cecil, the former head of the Democratic Senatorial Campaign Committee and now the boss of a leading Democratic super PAC, voiced his frustration with the inadequacy of Franken’s apology on Twitter. “That was not an apology and was an insufficient response to serious allegations,” Cecil tweeted. “Al Franken must be held accountable if our party wants to live up to our commitment to women & girls.”","Guy Cecil, the former head of the Democratic Senatorial Campaign Committee and Al Franken must be held accountable if our party wants to live up to our commitment to women & girls.” now the boss of a leading Democratic super PAC, voiced his frustration with the inadequacy of Franken’s apology on Twitter. “That was not an apology and was an insufficient response to serious allegations,” Cecil tweeted. “",Is Appeal_to_Fear-Prejudice still PRESENT after moving its span?,,,
92,Who should replace Nikki Haley as our ambassador to the U.N.? * John Bolton Richard Grenell Dina Powell Heather Nauert Ivanka Trump,Who should Grenell Nikki Haley as our ambassador to the U.N.? * John Bolton Richard replace Dina Powell Heather Nauert Ivanka Trump,"Are all original techniques still present, unchanged? ()",,,
93,"Because North Korea has scraped and skimped for decades to build nuclear weapons for the sole reason of deterring a major US attack, including the use by the US of tactical nuclear weapons. Pakistan ‘ate grass’ for decades to afford nuclear weapons to offset the threat from far more powerful India. Israel uses the same argument to justify its large nuclear arsenal.","Because North Korea has   for decades to build nuclear weapons for the sole reason of deterring a major US attack, including the use by the US of tactical nuclear scraped and skimped weapons. Pakistan ‘ate grass’ for decades to afford nuclear weapons to offset the threat from far more powerful India. Israel uses the same argument to justify its large nuclear arsenal.",Is Loaded_Language still PRESENT after moving its span?,,,
94,"Anyhow, they have now released a different photo (above)and it is the same guy, and he is black. This goes in our ""Black Murders Of White Cops"" category, and also in our ""Not Reporting Race"" category, since except for the photograph, there's no mention of the race issue.Officers Anthony Morelli and Eric Joering are dead, and Smith is alive in hospital. If these two men had survived, and Quentin Lamar Smith had died, you'd be hearing a lot about the race issue.","Anyhow, they have now released a different photo (above)and it is the same guy, and he is black. This goes in our ""Black Murders Of White Cops"" category, and also in our ""Not Reporting Race"" category, since except for Anthony photograph, there's no mention of the race issue.Officers the Morelli and Eric Joering are dead, and Smith is alive in hospital. If these two men had survived, and Quentin Lamar Smith had died, you'd be hearing a lot about the race issue.","Are all original techniques still present, unchanged? (Appeal_to_Hypocrisy, Loaded_Language, Red_Herring)",,,
95,,Yore called the child sex abuse SMASH THE STATE  case involving infamous Chilean priest abuser Father Fernando Karadima and Bishop Juan Barros “a scandal of epic proportions.”,Is Slogans PRESENT in the edited text?,,,
96,"""They don’t want a 'German life' in Germany in the sense that they are willing to accept German values,"" she added. ""Many, all too many, of them want to overwhelm German values, and European values in general, with sharia values. They are in Europe to conquer and Islamize it, with willing and eager help from Europe’s short-sighted, self-serving, internationalist intelligentsia.""","""They don’t want a 'German life' in Germany in the sense that they are willing to accept German values,"" she added. ""Many, all too many, of  infuriating . They are in Europe to conquer and Islamize it, with willing and eager help from Europe’s short-sighted, self-serving, internationalist intelligentsia.""",Is Loaded_Language PRESENT and Appeal_to_Fear-Prejudice still present?,,,
97,"Instead, President Trump’s POLICIES have actually made life more difficult for Putin at every turn.","Instead, President Trump’s POLICIES have actually made life more difficult for every at Putin turn.","Are all original techniques still present, unchanged? (Loaded_Language)",,,
98,"“And I don’t think it’s politically correct to say we value that,"" she concluded. ""And I don’t want to go around insulting people. I don’t want to paint with a broad brush every immigrant is this, every African-American is that, every, you know, other person with different religious beliefs or whatever – that’s childish.”","“And I don’t think it’s politically correct to say we value that,"" she concluded. ""And I don’t want to go around insulting people. I don’t want to paint with a broad brush every immigrant is this, every African-American is that, every, you know, other person with different religious beliefs or whatever –  .”",Is Loaded_Language ABSENT in the edited text?,,,
99,"YouTube conspiracy theorist Jake Morphonios said that for all he knows, Doug Haig didn't play a role in Paddock's massacre. Even so, Morphonious still parlayed an innocent-until-proven-guilty stance into a 30-minute dissertation where he discussed a ""shadow government in the United States"" in the context of Haig's work for companies like Northrop Grumman.","Jake Morphonios said that for all he knows, Doug Haig didn't play a role in Paddock's massacre. Even so, Morphonious still parlayed an innocent-until-proven-guilty stance into a 30-minute dissertation where he discussed a ""shadow government in the United States"" in the YouTube conspiracy theorist context of Haig's work for companies like Northrop Grumman.",Is Name_Calling-Labeling still PRESENT after moving its span?,,,
100,"If that’s true, it would mean we just completed 2 years of investigating ‘Russian collusion’ without ONE collusion related indictment.","If that’s true, it would mean we just completed 2 years of investigating ‘Russian collusion’ without  while this is making major news, you should be reminded that for decades, at least 22 verified Islamic jihadi camps have existed on American soil under the watchful, or maybe not so watchful, eye of the FBI, including one in the very country I reside in within eyeshot of a nuclear power plant  collusion related indictment.",Is Whataboutism PRESENT and Loaded_Language absent?,,,
101,"Orban says there is not only Muslim invaders in the mix of ""refugees,"" but also “economic migrants"" seeking better lives for themselves.","Orban says there is not only  Well if the Pope is not going to intervene and impose zero tolerance, why should I  in the mix of ""refugees,"" but also “economic migrants"" seeking better lives for themselves.",Is Appeal_to_Popularity PRESENT and Repetition absent?,,,
102,"As it is, the death penalty as administered by society must be viewed against the backdrop of divine revelation if it is to make any real sense. When Catholic society puts a man to death, it terminates only his temporal life on earth, catapulting him into eternity for his final judgment before almighty God. Suffering the penalty not only allows the criminal to render expiation to God and to society, but if accepted in Christ’s grace with due repentance, it preserves his soul from hell and eliminates much of his purgatory. If his contrition is perfect, it’s conceivable that he could go straight to heaven! In any case, neither he nor society is any longer burdened with the guilt of his wrongdoing.","As it is, the death penalty as administered by society must be viewed against the backdrop of divine revelation if it is to make any real sense. When Catholic society puts a man to death, it terminates only his temporal life on earth, catapulting him into eternity for his final judgment before almighty God.  Which is just Allen’s more nuanced way of saying: “Don’t believe it . If his contrition is perfect, it’s conceivable that he could go straight to heaven! In any case, neither he nor society is any longer burdened with the guilt of his wrongdoing.",Is Straw_Man PRESENT and Causal_Oversimplification absent?,,,
103,"[5] I’d love to hear from some monastic superior who had the nerve to tell Rome, “Actually, given that all our neighbours in religion are raging neo-modernist heretics, if not schismatics, we think ‘isolation’ is a desirable thing – like quarantine during an outbreak of Bubonic Plague – and would therefore like to be dispensed from the federation requirement.” I’d pay good money to see the shade of purple the well-fed Braz de’Aviz turned.","[5] I’d love to hear from some monastic superior who had the nerve to tell Rome, “Actually, given that all our neighbours in religion are raging neo-modernist heretics, if not schismatics, we think ‘isolation’ is a desirable thing – like quarantine during an outbreak of Bubonic Plague – and would therefore like to be dispensed from the federation requirement.” I’d pay good money to see the shade of purple the  seemingly covering up the ISIS connection  Braz de’Aviz turned.",Is Doubt PRESENT and Name_Calling-Labeling absent?,,,
104,"While government schools — and even many private schools — pretend religion played no significant role in history, my curriculum addresses the crucial role religion played in the development of Western civilization. However, the materials are drafted in such a way that any Christian, Jewish, Muslim, or atheist parent can feel comfortable using the curriculum.","While government schools — and even many private schools — pretend religion played no significant role in history, my curriculum addresses the  You whip ’em up. The poor, the middle income. You have to whip them up into a frenzy in order for them to vote.  role religion played in the development of Western civilization. However, the materials are drafted in such a way that any Christian, Jewish, Muslim, or atheist parent can feel comfortable using the curriculum.",Is Exaggeration-Minimisation PRESENT and Loaded_Language absent?,,,
105,"In any case, a larger point is being lost here. And that is that there is a war going on.",.,Is Appeal_to_Fear-Prejudice ABSENT in the edited text?,,,
106,"The solar system’s strange cigar-shaped visitor 'Oumuamua—Hawaiian for “scout” or “messenger”—is tumbling chaotically as the result of a violent collision. And the interstellar object will continue to spin for billions of years as it journeys through space, scientists have reported in a study published in Nature Astronomy.","The will system’s strange cigar-shaped visitor 'Oumuamua—Hawaiian for “scout” or “messenger”—is tumbling chaotically as the result of a violent collision. And the interstellar object solar continue to spin for billions of years as it journeys through space, scientists have reported in a study published in Nature Astronomy.","Are all original techniques still present, unchanged? (Loaded_Language)",,,
107,Horrifying Details Released: 2 Jihadi Muslims At Deadly NM Islamic Compound Hit With New Charges," hello, Russian proxy war)  Released: 2 Jihadi Muslims At Deadly NM Islamic Compound Hit With New Charges",Is Red_Herring PRESENT and Loaded_Language still present?,,,
108,"Currently, there's more Republicans in Congress than Democrats, which means the guy will be confirmed. There's an election 2 months away. The Democrats think that they'll take back the majority of Congress and will thus be able to block Trump's nomination. All they have to do is delay the confirmation until after the election. So, they dig up some Trump-hating woman from Kavanaugh’s past and convince her to say that he assaulted her thinking that such an allegation will surely delay the vote long enough for them to regain control of Congress.","Currently, there's more Republicans in Congress than Democrats, which means the guy will be confirmed. There's an election 2 months away. The Democrats think that they'll take back the majority of Congress and will thus be able to block Trump's nomination. All they have to do is delay the confirmation until after the election. So, they dig up some  As Bertolt Brecht told Sidney Hook about Stalin’s victims, “the more innocent they are, the more they deserve to be shot.”  from Kavanaugh’s past and convince her to say that he assaulted her thinking that such an allegation will surely delay the vote long enough for them to regain control of Congress.",Is Guilt_by_Association PRESENT and Name_Calling-Labeling absent?,,,
109,take our poll - story continues below,take poll our - story continues below,"Are all original techniques still present, unchanged? ()",,,
110,"Regarding Cupich, one cannot fail to note his ostentatious arrogance, and the insolence with which he denies the evidence that is now obvious to all: that 80% of the abuses found were committed against young adults by homosexuals who were in a relationship of authority over their victims.","Regarding Cupich, one cannot fail to note his  But what, Mr. Farage, are we to think about the Muslims who consider themselves and their religion to be at war with us , and the insolence with which he denies the evidence that is now obvious to all: that 80% of the abuses found were committed against young adults by homosexuals who were in a relationship of authority over their victims.",Is Whataboutism PRESENT and Loaded_Language absent?,,,
111,Please help support us with cryptocurrency donations. Thank you!,Please help us support with cryptocurrency donations. Thank you!,"Are all original techniques still present, unchanged? ()",,,
112,But firing Mueller would likely send a signal to Democrats that the White House is worried about potential blowback from a Manafort conviction just three months before the congressional midterm elections.,But firing Mueller would likely send a signal to Democrats that the White House is worried about   from a Manafort conviction just three months before the congressional midterm elections.,Is Loaded_Language ABSENT in the edited text?,,,
113,"Where President Obama refused to provide serious weapons to the Ukrainians to help them defend themselves (his response was weakness on a pathetic scale), President Trump has approved the sale of offensive weapons to enable the Ukrainians to increase the cost of Russian aggression.","Where President Obama refused to provide serious weapons to the Ukrainians to help them defend themselves (his response was  ), President Trump has approved the sale of offensive weapons to enable the Ukrainians to increase the cost of Russian aggression.",Is Exaggeration-Minimisation ABSENT in the edited text?,,,
114,Hungarian Prime Minister: ‘Christianity is Europe’s last hope’,Prime Hungarian Minister: ‘Christianity is Europe’s last hope’,"Are all original techniques still present, unchanged? (Slogans)",,,
115,,Email This field is for validation purposes and should be left unchanged. Completing this poll grants you access to Truth Uncensored updates free of charge. You may opt out at anytime. “They used me as an example because of [the backlash over] Hillary Clinton.”  You also agree to this site's Privacy Policy and Terms of Use.,Is Causal_Oversimplification PRESENT in the edited text?,,,
116,"As I said above, Russiagate is an orchestratration to prevent peace between the US and Russia. Leading military/security complex experts, including the person who provided the CIA’s daily briefing of the President of the United States for many years, and the person who devised the spy program for the National Security Agency, have proven conclusively that Russiagate is a hoax designed for the purpose of preventing President Trump from normalizing relations between the US and Russia, which has the power to destroy the entirety of the Western World at will.","As I said above,  . Leading military/security complex experts, including the person who provided the CIA’s daily briefing of the President of the United States for many years, and the person who devised the spy program for the National Security Agency, have proven conclusively that Russiagate is a hoax designed for the purpose of preventing President Trump from normalizing relations between the US and Russia, which has the power to destroy the entirety of the Western World at will.",Is Name_Calling-Labeling PRESENT in the edited text?,,,
117,The Guardian has become a main outlet for British government disinformation operations aimed at defaming Russia. It smeared Assange and Snowden as Russian collaborators. It uncritically peddled the Russiagate story and the nonsensical Skripal claims which are both obviously concocted by British intelligence services. That seems to have become its main purpose.,The Guardian has become  Once again the media are blaming the messenger instead of dealing with Islamic violence . It smeared Assange and Snowden as Russian collaborators. It uncritically peddled the Russiagate story and the nonsensical Skripal claims which are both obviously concocted by British intelligence services. That seems to have become its main purpose.,Is Whataboutism PRESENT and Name_Calling-Labeling still present?,,,
118,,It doesn’t take to tell him to obey or else  much to trigger these people.,Is Appeal_to_Fear-Prejudice PRESENT in the edited text?,,,
119,"Former San Antonio, Texas mayor and former Housing and Urban Development Secretary Julian Castro tweeted that the “American people deserve to know the full truth about Russia’s interference in our democracy.","Former San Antonio, Texas mayor and former Housing and Urban Development Secretary Julian Castro tweeted that the “ Stop Soros .",Is Slogans PRESENT and Flag_Waving absent?,,,
120,"As an aside, one of the more vocal proponents of BDS at McGill is a rancid character named Igor Sadikov, who in February posted a comment on twitter advocating violence against “Zionists.” As a result, he was forced to resign his position as an SSMU director but dodged an impeachment effort to have him stripped of his position at McGill’s Arts Undergraduate Society. Sadikov made light of his “punch a Zionist” tweet calling it a “misguided joke.” It does not appear that Sadikov was subjected to any form of school disciplinary action despite the fact that his call for violence violated McGill’s Code of Conduct.","As an aside, one of the more vocal proponents of BDS at McGill is a rancid character named Igor Sadikov, who in February posted a comment on twitter advocating violence against “Zionists.” As a result, he was forced to resign his position as an SSMU director but dodged an impeachment effort to have him stripped of his position at McGill’s Arts Undergraduate Society. Sadikov made light of his “punch a Zionist” tweet calling it a “ .” It does not appear that Sadikov was subjected to any form of school disciplinary action despite the fact that his call for violence violated McGill’s Code of Conduct.",Is Loaded_Language ABSENT in the edited text?,,,
121,,"“Fox News supports CNN in its legal effort to regain its White House reporter’s press credential. We intend to file an amicus the Bible contains material that is just as bad or worse  brief with the U.S. District Court. Secret Service passes for working White House journalists should never be weaponized. While we don’t condone the growing antagonistic tone by both the president and the press at recent media avails, we do support a free press, access and open exchanges for the American people.""",Is Whataboutism PRESENT in the edited text?,,,
122,"In a recent communication between Randy Credico, an Assange supporter, comic and radio producer, and Adam Schiff, the ranking member on the House Judiciary Committee, Assange’s fear of arrest and extradition to the US was confirmed by the leader of the Russia-gate frenzy.","In a recent communication between Randy Credico, an Assange supporter, comic and radio producer, and Adam Schiff, the ranking member on the House Judiciary Committee, Assange’s fear of arrest and extradition to the US was confirmed by  very high .",Is Appeal_to_Fear-Prejudice PRESENT and Name_Calling-Labeling absent?,,,
123,,"By If these two men had survived, and Quentin Lamar Smith had died, you'd be hearing a lot about the race issue  Karista Baldwin, Conservative Tribune November 15, 2018:",Is Appeal_to_Hypocrisy PRESENT in the edited text?,,,
124,"This provocation was the first of two major spring military exercises planned by the US and its reluctant South Korean satrap. In case North Korea failed to get the message, the second exercise is code-named ‘Maximum Thunder.’","This provocation was the first of two major spring military exercises planned by the US and its reluctant South Korean  . In case North Korea failed to get the message, the second exercise is code-named ‘Maximum Thunder.’",Is Loaded_Language ABSENT in the edited text?,,,
125,Dina Powell is everything that was wrong with the Bush administration.,.,Is Exaggeration-Minimisation ABSENT in the edited text?,,,
126,"TRAVIS AIR FORCE BASE, Calif. (KGO) — A man who drove into Travis AFB has been identified as 51-year-old Hafiz Kazi, two sources with knowledge of the probe tell ABC News. The sources described Kazi as a “nomad” and a “vagabond,” who lived in many places. Authorities extracted a video from his cell phone and are analyzing it to try and see if it could help point to a motive. Sources wouldn’t offer any details about the video. The FBI is holding a press conference Friday at 3:30 p.m. and will be asking the public for help and any information about Kazi. Sources say the information gathered so far still does not point to a concrete motive, with one source calling the man a “mystery” still. Terrorism, mental health issues, and everything else are still on the table as authorities try to uncover a motive. On Wednesday, the car crashed at the main gate of Travis Air Force Base. Officials are treating it as a possible attempted attack. The FBI is now leading the investigation. “The car basically blew up,” said witness Kamren Hernandez. ” It was nothing anymore.” Hernandez couldn’t believe what he witnessed from his family’s restaurant just feet from the main gate at Travis Air Force Base — a black SUV exploding seconds after breaching security gates. Hernandez’ father, Lamar, saw it too. “It kept exploding — boom boom. Kept on going.” Travis Air Force Base officials are investigating a security incident that occurred at the main gate on Wednesday…. A U.S. official tells ABC News it appears the driver had propane tanks in the vehicle, which they may have ignited deliberately….","TRAVIS AIR FORCE BASE, Calif. (KGO) — A man who drove into Travis AFB has been identified as 51-year-old Hafiz Kazi, two sources with knowledge of the probe tell ABC News. The sources described Kazi as a “nomad” and a “vagabond,” who lived in many places. Authorities extracted a video from his cell phone and are analyzing it to try and see if it could help point to a motive. Sources wouldn’t offer any details about the video. The FBI is holding a press conference Friday at 3:30 p.m. and will be asking the public for help and any information about Kazi. Sources say the information gathered so far still does not point to a concrete motive, with one source calling the man a “mystery” still. Terrorism, mental health issues, and everything else are still on the table as authorities try to uncover a motive. On Wednesday, the car crashed at the main gate of Travis Air Force Base. Officials are treating it as a possible attempted attack. The FBI is now leading the investigation. “The car basically blew up,” said witness Kamren Hernandez. ”  .” Hernandez couldn’t believe what he witnessed from his family’s restaurant just feet from the main gate at Travis Air Force Base — a black SUV exploding seconds after breaching security gates. Hernandez’ father, Lamar, saw it too. “It kept exploding — boom boom. Kept on going.” Travis Air Force Base officials are investigating a security incident that occurred at the main gate on Wednesday…. A U.S. official tells ABC News it appears the driver had propane tanks in the vehicle, which they may have ignited deliberately….",Is Exaggeration-Minimisation ABSENT in the edited text?,,,
127,"On Friday, Rossello and Gonzalez said the island would receive a total of $11 billion under CDBG, a program run by the U.S. Department of Housing and Urban Development. The additional portion would be used to help local businesses and repair and build new homes, they said.","On Friday, Rossello and Gonzalez said the island would receive a total portion $11 billion under CDBG, a program run by the U.S. Department of Housing and Urban Development. The additional of would be used to help local businesses and repair and build new homes, they said.","Are all original techniques still present, unchanged? ()",,,
128,"But according to the Navy, the past five months have witnessed markedly less belligerent conduct from the Iranians, leaving Navy officials baffled by the sudden positive change in attitude. In fact, Iran’s attitude adjustment in the Arabian Gulf is no mystery and stems from the Trump administration’s implementation of a new robust foreign policy vis-à-vis the Islamic Republic.","But according to the Navy, the past five months have witnessed markedly less belligerent conduct from the Iranians, leaving Navy officials baffled by the sudden positive change in attitude. In fact, Iran’s attitude adjustment in the Arabian Gulf is no mystery and stems from the Trump administration’s implementation of a new foreign robust policy vis-à-vis the Islamic Republic.","Are all original techniques still present, unchanged? ()",,,
129,"San Francisco prosecutors, who had long ago deprioritized marijuana charges, dismissed the decades-old charge and released Garcia Zarate on April 15, 2015. Due to San Francisco's policy of limiting cooperation with federal immigration authorities — which some refer to as a ""sanctuary"" policy — the city did not inform ICE when they released Garcia Zarate.","San Francisco prosecutors, who had long ago sanctuary"" policy deprioritized marijuana charges, dismissed the decades-old charge and released Garcia Zarate on April 15, 2015. Due to San Francisco's policy of limiting cooperation with federal immigration authorities — which some refer to as a ""  — the city did not inform ICE when they released Garcia Zarate.",Is Name_Calling-Labeling still PRESENT after moving its span?,,,
130,"Or is it not so that it is both negligent and uncharitable for some bishops to refuse to inform their faithful that according to the Church's own infallible teaching, everlasting damnation is the price to be paid for this kind of inclusivity and toleration? And if the episcopal retort is going to be that this acceptance refers only to chaste homosexuals, then we call FOUL even louder since this crosses the line into willful deception. We're all sinners, of course--- and the Church already accepts repentant homosexuals as they are, just as she accepts repentant practitioners of ANY sins of the flesh.","? And if the episcopal retort is going to be that this acceptance refers only to chaste homosexuals, then we call FOUL even louder since this crosses the line Or is it not so that it is both negligent and uncharitable for some bishops to refuse to inform their faithful that according to the Church's own infallible teaching, everlasting damnation is the price to be paid for this kind of inclusivity and toleration into willful deception. We're all sinners, of course--- and the Church already accepts repentant homosexuals as they are, just as she accepts repentant practitioners of ANY sins of the flesh.",Is Doubt still PRESENT after moving its span?,,,
131,"Please, don’t start calling me Nostradamus. A blind man could see what was happening. Donald “Art of the Deal” Trump was obviously negotiating all week with the CIA, and he was obviously pushing to get what he wanted all the way up to the very last day. On Thursday, the deadline established by law for releasing the records, the CIA undoubtedly blinked and Trump presumably got what he wanted in return for granting the CIA request for continued secrecy.","Please, don’t start calling me Nostradamus.  . Donald “Art of the Deal” Trump was obviously negotiating all week with the CIA, and he was obviously pushing to get what he wanted all the way up to the very last day. On Thursday, the deadline established by law for releasing the records, the CIA undoubtedly blinked and Trump presumably got what he wanted in return for granting A blind man could see what was happening the CIA request for continued secrecy.",Is Exaggeration-Minimisation still PRESENT after moving its span?,,,
132,,"St. Valentine is known as the saint of friendship and of love. In many parishes and ecclesial institutions, it is already tradition to offer blessings of I don't doubt it.
T  couples around the time of his feast day. People in homosexual relationships are welcome at the blessing ceremonies in Wels-St. Franziskus [Church] and in the Ursulinenkirche.",Is Appeal_to_Authority PRESENT in the edited text?,,,
133,"“Now, ‘Islam’ means ‘Submission’. You either submit, or you resist. Are you going to submit?” he asked the crowds. “Are you going to resist?”","“Now, ‘Islam’ means ‘Submission’. You Are you going to resist? either submit, or you resist. Are you going to submit?” he asked the crowds. “ ”",Is Slogans still PRESENT after moving its span?,,,
134,Muslim Crime Stopper Sofian Zakkout's New Crush: Anti-Semite Pastor Steve Anderson,Muslim Crime Stopper Sofian Anderson New Crush: Anti-Semite Pastor Steve Zakkout's,"Are all original techniques still present, unchanged? (Name_Calling-Labeling)",,,
135,"“The FBI and the Las Vegas metro police department have been conducting the investigation, ” she said. “We’ve seen no evidence of a terrorist attack, and I will ask with all due respect, congressman, unless have you specific evidence to back that up, it seems a bit irresponsible to make that allegation so, if you do, or make that assertion, if do you have any evidence of that, I’m asking you right now to share it with us and tell us what that is. My clients… victims, all 22,000 people have been waiting and waiting and waiting for evidence.”","“The FBI and the Las Vegas metro police department have been conducting the investigation, ” she said. “We’ve seen no evidence of a terrorist attack, and I will ask with all due respect, congressman, unless have you specific evidence to back that up, it seems a bit irresponsible to make that allegation so, if you do, or make that assertion, if do you have any evidence of that, I’m asking you right now to share it with us and tell us what that is. My clients… victims, all 22,000 people have been  making his stupid Stalinist statements about taking guns first and worrying about due process later  for evidence.”",Is Guilt_by_Association PRESENT and Repetition absent?,,,
136,"Jeff then describes a scene in which he and his wife were walking through the main lobby when screams and gunfire erupted. Keep in mind, this is all information that the police and the FBI has hidden from the American people.","Jeff then describes a scene in which he and his wife were walking through the Keep in mind, this is all information that the police and the FBI has hidden main lobby when screams and gunfire erupted.   from the American people.",Is Doubt still PRESENT after moving its span?,,,
137,"Do we accept that outcome, pack up and go home? Or do we leave our forces in Syria and Iraq and defy any demand from Assad to vacate his country?","Or do we leave our forces in Syria and Iraq and defy any demand from Assad to vacate his country? Do we accept that outcome, pack up and go home?",Is Appeal_to_Fear-Prejudice still PRESENT after moving its span?,,,
138,The Plague Is AIRBORNE And It’s Spreading Because People Are Literally ‘Dancing With Corpses’,The Spreading Is AIRBORNE And It’s Plague Because People Are Literally ‘Dancing With Corpses’,"Are all original techniques still present, unchanged? (Loaded_Language)",,,
139,"And the label of “violent extremist” turns out to be used very generously. Ganesh makes wild leaps and inferences. He talks of Darren Osborne, the perpetrator of the vehicular attack on Finsbury Park Mosque. This was a heinous crime, and should rightly be condemned. But why did Osborne do this, according to Ganesh? The attack “was executed after he had become indignant after watching a BBC broadcast on child sexual exploitation and turned to social media to make sense of it. He found a narrative from British counter-jihad groups closely aligned with the alt-right, such as Britain First and the founder of the English Defence League Tommy Robinson.” The British counter-jihad movement is thus swept into the same group of violent extremists as Osborne, because Ganesh “knows” they encouraged him.","And the label of “violent extremist” turns out to be used very generously. Ganesh makes wild leaps and inferences. He talks of Darren Osborne, the perpetrator of the vehicular attack on Finsbury Park Mosque. This was a heinous crime, and should rightly be condemned. But why did Osborne do this, according to Ganesh? The attack “was executed after he had become indignant after watching a BBC broadcast on child sexual exploitation and turned to social media to make sense of it. He found a narrative from British counter-jihad groups closely aligned with the alt-right, such as Britain First and the founder of the English Defence League Tommy Robinson.” The British counter-jihad movement is thus swept into the same group of violent extremists as Osborne, because Ganesh “ ” they encouraged him.",Is Doubt ABSENT in the edited text?,,,
140,,"The Fifth Amendment has no The imam's mosque has attracted a number of radicals over the years, including a man who later helped bomb the World Trade Center in 1993  business being brought up here. This is an issue of privilege, not rights.",Is Guilt_by_Association PRESENT in the edited text?,,,
141,"Seriously, it's been four months already!",", it's been four Seriously months already!",Is Loaded_Language still PRESENT after moving its span?,,,
142,And the father of Muslim spy ring Imran Awan transferred a USB drive to a Pakistani senator and former head of a Pakistani intelligence agency.,And the father of   Imran Awan transferred a USB drive to a Pakistani senator and former Muslim spy ring head of a Pakistani intelligence agency.,Is Name_Calling-Labeling still PRESENT after moving its span?,,,
143,"I suspect that not even Viganò’s historic testimony will change the neo-Catholic position. Quite the contrary, I would expect the neo-Catholic commentariat either to ignore Viganò’s witness, explain away his revelations or, failing that, make every effort to smear the man.","I suspect that not even Viganò’s historic testimony will change the  Moreover, the main author of the story, Luke Harding, is known to be a notorious fraud, a russo-phobe intelligence asset with a personal grievance towards Assange and Wikileaks  position. Quite the contrary, I would expect the neo-Catholic commentariat either to ignore Viganò’s witness, explain away his revelations or, failing that, make every effort to smear the man.",Is Doubt PRESENT and Repetition absent?,,,
144,"The case against confirming Kavanaugh may be somewhere between weak and non-existent, but the constant repetition of the unsupported allegations in the Trump-hating media is clearly taking its toll on the nominee.","The case against confirming Kavanaugh may on somewhere between weak and non-existent, but the constant repetition of the unsupported allegations in the Trump-hating media is clearly taking its toll be the nominee.","Are all original techniques still present, unchanged? (Name_Calling-Labeling)",,,
145,"Caesar had his Brutus, Charles the first his Cromwell; And George the third- Treason! Cried the speaker- May profit by their example. If this be treason, make the most of it. –Patrick Henry","Caesar had his Brutus, Charles the first his Cromwell; And George the third- Treason!  I had no way to see into his mind - May profit by their example. If this be treason, make the most of it. –Patrick Henry",Is Conversation_Killer PRESENT and Loaded_Language absent?,,,
146,"Defend Yourself: A Com... Rob Pincus Best Price: $2.00 Buy New $17.99 (as of 03:35 EDT - Details) He’d launched the site months earlier along with an anarchist video manifesto, declaring that gun control would never be the same in an era when anyone can download and print their own firearm with a few clicks. In the days after that first test-firing, his gun was downloaded more than 100,000 times. Wilson made the decision to go all in on the project, dropping out of law school at the University of Texas, as if to confirm his belief that technology supersedes law.","Defend Yourself: A Com... Rob Pincus Best Price: launched Buy New $17.99 (as of 03:35 EDT - Details) He’d $2.00 the site months earlier along with an anarchist video manifesto, declaring that gun control would never be the same in an era when anyone can download and print their own firearm with a few clicks. In the days after that first test-firing, his gun was downloaded more than 100,000 times. Wilson made the decision to go all in on the project, dropping out of law school at the University of Texas, as if to confirm his belief that technology supersedes law.","Are all original techniques still present, unchanged? (Appeal_to_Fear-Prejudice, Name_Calling-Labeling)",,,
147,"We are in the early stages of a cultural civil war in which the left sees itself losing. This is what led me to write my new New York Times best-selling book, “Trump’s America: The Truth About Our Nation’s Great Comeback.” With each passing month the radical-extremist wing of the Democratic Party dominates the progressive wing more and more.","We are in the early stages of a cultural civil war in which the left sees itself losing. This is what led me to write my new New York Times best-selling book, “ : The Truth About Our Nation’s Great Comeback.” With each passing month the radical-extremist wing of the Democratic Party dominates the progressive wing more and more.",Is Slogans ABSENT in the edited text?,,,
148,,"“Throughout this process, I’ve been interviewed by the FBI, I’ve done a number of ‘background’ calls directly with the Senate, and yesterday, I answered questions under oath about every topic the Senators and their counsel asked me,"" Kavanaugh my translation  said in a statement that was released by the White House. ""I’ve done everything they have requested and will continue to cooperate.""",Is Straw_Man PRESENT in the edited text?,,,
149,"Election Strategy: “You whip ’em up. The poor, the middle income. You have to whip them up into a frenzy in order for them to vote.”","Election Strategy: “You whip ’em up. The poor, the middle income.  .”",Is Exaggeration-Minimisation ABSENT in the edited text?,,,
